URL,Title
https://www.globaldata.com/store/report/guinea-telecom-operators-market-analysis/,Guinea Telecom Operators Country Intelligence Report
https://www.businesslive.co.za/bd/companies/telecoms-and-technology/2024-12-31-mtn-ties-up-sale-of-guinea-conakry-business/,MTN ties up sale of Guinea-Conakry business
https://developingtelecoms.com/regions/sub-saharan-africa-telecommunications.html,News from Sub-Saharan Africa
https://www.ide.go.jp/English/Data/Africa_file/Company/guinea04.html,Cellcom Gsm Guinea - AGE (African Growing Enterprises) ...
https://www.africabusinessplus.com/en/820159/despite-everything-starlink-has-negotiated-with-guinea-to-roll-out-the-countrys-internet-services/,"Despite everything, Starlink is still looking to roll out its ..."
https://gn.usembassy.gov/business/,Business
https://www.trade.gov/country-commercial-guides/guinea-ecommerce,Guinea - eCommerce
https://www.africanwirelesscomms.com/news-details?itemid=5992,Guinée Télécom public test trial commences
https://www.miga.org/project/orange-guinea,Orange Guinea | World Bank Group Guarantees
https://www.budde.com.au/Research/Guinea-Telecoms-Mobile-and-Broadband-Statistics-and-Analyses,Guinea Telecoms Market Report
